City_ID,City,Lat,Lng,Max Temp,Humidity,Cloudiness,Wind Speed,Country,Current Description
0,Hilo,19.7297,-155.09,75.2,64,75,3.44,US,broken clouds
1,Dikson,73.5069,80.5464,-29.56,86,91,17.4,RU,overcast clouds
2,Hobart,-42.8794,147.3294,66.99,52,75,18.41,AU,broken clouds
3,Ancud,-41.8697,-73.8203,60.01,88,0,5.75,CL,clear sky
4,Ocos,14.5094,-92.1933,71.6,100,20,4.45,GT,few clouds
5,Coihaique,-45.5752,-72.0662,53.6,71,0,1.12,CL,clear sky
6,Port Alfred,-33.5906,26.891,64.99,85,97,4.0,ZA,overcast clouds
7,Souillac,-20.5167,57.5167,84.2,65,40,12.66,MU,scattered clouds
8,Makakilo City,21.3469,-158.0858,75.2,50,1,5.75,US,clear sky
9,Torbay,47.6666,-52.7314,30.0,74,90,16.11,CA,overcast clouds
10,Baracoa,20.3467,-74.4958,72.99,78,3,3.49,CU,clear sky
11,Mataura,-46.1927,168.8643,74.17,49,96,1.45,NZ,light rain
12,Airai,-8.9266,125.4092,70.43,96,100,4.56,TL,overcast clouds
13,Busselton,-33.65,115.3333,66.99,89,94,5.99,AU,overcast clouds
14,Albany,42.6001,-73.9662,21.0,53,22,9.46,US,few clouds
15,Alta Floresta,-9.8756,-56.0861,68.77,98,100,0.58,BR,overcast clouds
16,Northam,51.0333,-4.2167,35.01,74,94,17.0,GB,overcast clouds
17,Mogadishu,2.0371,45.3438,78.8,65,75,17.27,SO,broken clouds
18,Kralendijk,12.15,-68.2667,78.8,78,20,17.27,BQ,few clouds
19,Puerto Madryn,-42.7692,-65.0385,56.55,64,5,15.14,AR,clear sky
20,Puerto Ayora,-0.7393,-90.3518,77.0,95,100,5.68,EC,overcast clouds
21,Punta Arenas,-53.15,-70.9167,57.2,44,75,8.05,CL,broken clouds
22,Floro,61.5996,5.0328,23.0,58,0,12.66,NO,clear sky
23,Upernavik,72.7868,-56.1549,17.24,79,42,4.79,GL,scattered clouds
24,Khatanga,71.9667,102.5,-22.77,81,62,13.6,RU,broken clouds
25,Atuona,-9.8,-139.0333,79.34,76,16,19.46,PF,few clouds
26,Necochea,-38.5473,-58.7368,59.0,72,47,4.0,AR,scattered clouds
27,Katsuura,35.1333,140.3,48.99,45,75,11.5,JP,broken clouds
28,Tabuk,17.4189,121.4443,83.82,62,24,2.1,PH,few clouds
29,Sao Filipe,14.8961,-24.4956,68.72,75,100,13.31,CV,overcast clouds
30,Vaxjo,56.8777,14.8091,19.99,93,75,9.22,SE,light snow
31,Kapaa,22.0752,-159.319,71.6,56,40,2.66,US,scattered clouds
32,Shira,54.4911,89.9531,25.47,94,32,7.27,RU,scattered clouds
33,Wasco,35.5941,-119.341,57.2,66,1,3.44,US,clear sky
34,Naze,28.3667,129.4833,69.8,52,75,16.11,JP,broken clouds
35,Asau,46.4333,26.4,30.0,71,76,1.07,RO,broken clouds
36,Ternate,0.8,127.4,84.29,72,70,9.57,ID,broken clouds
37,Ust-Maya,60.4167,134.5333,-20.45,84,100,4.45,RU,overcast clouds
38,Rio Gallegos,-51.6226,-69.2181,55.4,67,0,6.91,AR,clear sky
39,Saint-Pierre,-21.3393,55.4781,86.0,54,90,5.75,RE,overcast clouds
40,Faanui,-16.4833,-151.75,81.59,76,38,14.03,PF,moderate rain
41,Cherskiy,68.75,161.3,3.67,73,0,1.19,RU,clear sky
42,Olinda,-8.0089,-34.8553,78.8,69,40,5.75,BR,scattered clouds
43,Rikitea,-23.1203,-134.9692,77.59,68,74,11.54,PF,broken clouds
44,Raga,8.4596,25.678,54.01,39,17,2.8,SS,few clouds
45,Balykshi,47.0667,51.8667,5.0,78,0,11.18,KZ,clear sky
46,Saskylakh,71.9167,114.0833,-35.14,81,43,9.6,RU,scattered clouds
47,Havre-Saint-Pierre,50.2334,-63.5986,14.0,85,75,6.91,CA,broken clouds
48,Kodiak,57.79,-152.4072,26.6,74,1,5.75,US,clear sky
49,Pevek,69.7008,170.3133,-7.33,81,0,1.16,RU,clear sky
50,Castro,-24.7911,-50.0119,52.5,87,0,6.06,BR,clear sky
51,Ushuaia,-54.8,-68.3,51.8,82,75,2.3,AR,broken clouds
52,Sitrah,26.1547,50.6206,62.6,77,1,9.22,BH,clear sky
53,Qaanaaq,77.484,-69.3632,17.28,85,100,5.79,GL,overcast clouds
54,Shumyachi,53.8583,32.4242,-4.95,92,11,1.41,RU,few clouds
55,East London,-33.0153,27.9116,66.2,94,75,9.22,ZA,broken clouds
56,Luderitz,-26.6481,15.1594,67.35,48,0,24.47,NA,clear sky
57,Huarmey,-10.0681,-78.1522,71.47,77,100,6.55,PE,overcast clouds
58,Te Anau,-45.4167,167.7167,65.37,66,100,5.75,NZ,light rain
59,Chokurdakh,70.6333,147.9167,-12.96,89,89,6.42,RU,overcast clouds
60,Vaini,-21.2,-175.2,77.0,94,90,11.5,TO,moderate rain
61,Port Lincoln,-34.7333,135.8667,68.38,62,24,15.86,AU,few clouds
62,Ribeira Grande,38.5167,-28.7,59.02,82,26,21.59,PT,scattered clouds
63,Sao Paulo De Olivenca,-3.3783,-68.8725,74.12,97,100,1.79,BR,moderate rain
64,Cayenne,4.9333,-52.3333,78.8,89,75,5.75,GF,broken clouds
65,Lebu,-37.6167,-73.65,57.81,93,89,4.34,CL,overcast clouds
66,Joigny,47.9829,3.401,30.99,85,45,5.91,FR,scattered clouds
67,Tomatlan,19.9333,-105.25,64.0,92,3,1.9,MX,clear sky
68,Sarai,53.7458,41.0213,-7.06,90,67,6.87,RU,broken clouds
69,Bluff,-46.6,168.3333,60.73,75,100,13.69,NZ,light rain
70,Petropavlovsk-Kamchatskiy,53.0452,158.6483,24.8,80,75,8.95,RU,light snow
71,Braintree,51.8782,0.5529,28.0,91,98,1.01,GB,light snow
72,Qaqortoq,60.7167,-46.0333,39.2,28,40,40.29,GL,scattered clouds
73,Saint-Philippe,-21.3585,55.7679,86.0,54,90,5.75,RE,overcast clouds
74,Whitehorse,60.7161,-135.0538,-6.0,77,75,4.03,CA,light snow
75,Lata,40.1629,-8.3327,53.01,90,65,8.7,PT,broken clouds
76,Butaritari,3.0707,172.7902,81.45,80,33,17.74,KI,scattered clouds
77,Lasa,46.6166,10.7002,35.01,80,90,6.91,IT,snow
78,Novoseleznevo,55.6821,69.2056,3.4,93,100,10.27,RU,overcast clouds
79,Mar Del Plata,-38.0023,-57.5575,62.01,77,90,11.5,AR,overcast clouds
80,Krasnoselkup,65.7,82.4667,10.04,95,100,20.36,RU,light snow
81,Evensk,61.95,159.2333,12.07,91,100,41.67,RU,light snow
82,Slave Lake,55.2834,-114.769,-29.2,75,1,3.67,CA,clear sky
83,Oktyabrskoye,43.0645,44.7417,26.6,93,98,4.47,RU,overcast clouds
84,Barrow,71.2906,-156.7887,-27.4,68,1,4.61,US,clear sky
85,Hithadhoo,-0.6,73.0833,82.06,76,33,12.19,MV,scattered clouds
86,Ponta Do Sol,32.6667,-17.1,57.99,78,40,3.0,PT,scattered clouds
87,Esperance,-33.8667,121.9,87.8,40,40,20.71,AU,scattered clouds
88,Amazar,53.858,120.875,0.82,84,100,3.15,RU,overcast clouds
89,Flinders,-34.5833,150.8552,73.0,71,53,5.01,AU,broken clouds
90,Puksoozero,62.5903,40.6066,-18.81,89,84,5.26,RU,broken clouds
91,Fortuna,40.5982,-124.1573,43.0,93,90,4.81,US,overcast clouds
92,Provideniya,64.3833,-173.3,-2.42,85,100,21.32,RU,overcast clouds
93,Severo-Kurilsk,50.6789,156.125,25.3,93,91,20.54,RU,light snow
94,Cidreira,-30.1811,-50.2056,69.51,72,0,6.46,BR,clear sky
95,Nouadhibou,20.931,-17.0347,59.0,77,0,18.41,MR,clear sky
96,Hami,42.8,93.45,42.62,50,58,1.92,CN,broken clouds
97,Hambantota,6.1241,81.1185,86.0,74,0,14.97,LK,clear sky
98,Yellowknife,62.456,-114.3525,-35.0,67,75,9.22,CA,broken clouds
99,Tasiilaq,65.6145,-37.6368,30.2,51,75,14.97,GL,broken clouds
100,Port-Gentil,-0.7193,8.7815,81.28,80,100,8.72,GA,overcast clouds
101,Cape Town,-33.9258,18.4232,68.0,72,40,11.5,ZA,scattered clouds
102,Narsaq,60.9167,-46.05,39.2,28,40,40.29,GL,scattered clouds
103,Eldorado,-23.7869,-54.2836,66.22,86,0,1.88,BR,clear sky
104,Yerbogachen,61.2767,108.0108,26.33,98,100,5.28,RU,light snow
105,Santa Quiteria Do Maranhao,-3.5156,-42.5467,73.69,96,0,3.87,BR,clear sky
106,Araouane,18.9048,-3.5265,57.52,33,13,11.01,ML,few clouds
107,Alexandria,31.2156,29.9553,53.6,94,86,3.44,EG,mist
108,Saldanha,-33.0117,17.9442,60.8,77,0,6.91,ZA,clear sky
109,Manadhoo,5.7667,73.3833,81.43,72,13,10.13,MV,few clouds
110,Olafsvik,64.8945,-23.7142,35.29,80,45,14.97,IS,scattered clouds
111,Vao,-22.6667,167.4833,78.8,74,19,3.8,NC,few clouds
112,Kondinskoye,59.6481,67.41,-4.36,90,100,12.35,RU,overcast clouds
113,Hermanus,-34.4187,19.2345,63.0,76,16,5.99,ZA,few clouds
114,Vanimo,-2.6741,141.3028,85.03,66,100,5.03,PG,overcast clouds
115,Constitucion,-35.3333,-72.4167,56.28,90,8,4.05,CL,clear sky
116,Thompson,55.7435,-97.8558,-27.4,68,75,13.8,CA,snow
117,Kamloops,50.6665,-120.3192,26.6,59,75,14.97,CA,broken clouds
118,Mildura,-34.2,142.15,81.0,19,0,11.5,AU,clear sky
119,Thinadhoo,0.5333,72.9333,81.68,81,16,14.65,MV,few clouds
120,Jawhar,2.7809,45.5005,78.13,70,13,18.43,SO,few clouds
121,Lagunas,-5.2269,-75.6753,75.31,95,100,1.14,PE,overcast clouds
122,Bela,25.9333,81.9833,67.82,41,0,6.58,IN,clear sky
123,Naryan-Mar,67.6713,53.087,-13.02,88,100,16.33,RU,overcast clouds
124,Komsomolskiy,40.4272,71.7189,42.8,81,79,4.97,UZ,broken clouds
125,Rocha,-34.4833,-54.3333,60.87,92,41,1.88,UY,scattered clouds
126,Rostovka,55.3842,71.8891,5.22,93,15,8.48,RU,few clouds
127,Jamestown,42.097,-79.2353,12.0,85,90,6.91,US,light snow
128,Neuquen,-38.9516,-68.0591,64.4,52,75,17.27,AR,broken clouds
129,Husavik,66.0449,-17.3389,32.0,74,20,3.44,IS,few clouds
130,Khuchni,41.9499,47.9485,35.24,87,98,5.35,RU,overcast clouds
131,Berlevag,70.8578,29.0864,21.2,93,90,27.63,NO,snow
132,Zeya,53.75,127.2667,5.95,83,0,4.38,RU,clear sky
133,Sitka,57.0531,-135.33,33.8,40,90,11.5,US,overcast clouds
134,Tobermory,45.2501,-81.6665,15.8,67,100,20.71,CA,light snow
135,Luanda,-8.8368,13.2343,78.8,78,75,3.44,AO,broken clouds
136,Amapa,1.0,-52.0,71.85,98,100,3.6,BR,overcast clouds
137,Rimini,44.0241,12.5186,51.01,71,40,8.05,IT,scattered clouds
138,Kaitangata,-46.2817,169.8464,64.99,77,98,4.0,NZ,overcast clouds
139,Bohdan,48.0412,24.3522,41.54,84,100,3.89,UA,overcast clouds
140,Ostersund,63.1792,14.6357,15.8,86,90,6.91,SE,overcast clouds
141,Sinalunga,43.2152,11.7495,46.99,75,63,11.99,IT,broken clouds
142,Santa Fe,-31.6333,-60.7,75.99,78,0,2.57,AR,clear sky
143,Richards Bay,-28.783,32.0377,75.4,89,95,7.63,ZA,overcast clouds
144,Allentown,40.6084,-75.4902,26.6,54,1,6.91,US,clear sky
145,Nishihara,26.1842,127.7558,71.6,37,40,18.41,JP,scattered clouds
146,Bengkulu,-3.8004,102.2655,85.19,61,42,10.07,ID,scattered clouds
147,Sumbe,-11.2061,13.8437,75.99,78,100,3.4,AO,overcast clouds
148,Mantua,45.1667,10.7833,45.0,96,29,1.99,IT,scattered clouds
149,Ekibastuz,51.6667,75.3667,34.95,99,100,24.74,KZ,light snow
150,Coquimbo,-29.9533,-71.3436,59.0,82,0,3.44,CL,clear sky
151,San Patricio,28.017,-97.5169,60.8,77,1,8.05,US,clear sky
152,Tranas,58.0372,14.9782,21.2,92,20,6.91,SE,few clouds
153,Aksay,47.26,39.87,15.8,79,40,8.95,RU,snow
154,Flin Flon,54.7682,-101.865,-30.06,81,42,11.1,CA,scattered clouds
155,Georgetown,5.4112,100.3354,90.0,51,20,5.75,MY,few clouds
156,Kavieng,-2.5744,150.7967,84.11,76,11,10.31,PG,moderate rain
157,Barcelos,41.5388,-8.6151,51.8,87,40,9.22,PT,scattered clouds
158,Chuy,-33.6971,-53.4616,63.68,87,31,5.57,UY,light rain
159,Port Hardy,50.6996,-127.4199,39.2,80,40,8.05,CA,scattered clouds
160,Machali,-34.1833,-70.6667,61.32,62,0,1.59,CL,clear sky
161,Saint-Augustin,51.226,-58.6502,13.03,93,33,8.01,CA,scattered clouds
162,Ciudad Bolivar,8.1222,-63.5497,77.49,72,96,12.06,VE,overcast clouds
163,Bredasdorp,-34.5322,20.0403,57.2,82,31,5.75,ZA,scattered clouds
164,Aklavik,68.2191,-135.0107,-27.4,68,100,10.36,CA,overcast clouds
165,Sibolga,1.7427,98.7792,87.96,56,99,4.79,ID,overcast clouds
166,Arraial Do Cabo,-22.9661,-42.0278,73.56,81,100,3.09,BR,light rain
167,Avera,33.194,-82.5271,35.6,85,1,5.64,US,clear sky
168,Carnarvon,-24.8667,113.6333,86.0,100,75,14.97,AU,broken clouds
169,Palmer,42.1584,-72.3287,25.0,63,75,11.5,US,broken clouds
170,Agadez,19.75,10.25,56.84,30,100,2.13,NE,overcast clouds
171,Lagoa,39.05,-27.9833,58.19,82,33,26.31,PT,scattered clouds
172,Ketchikan,55.3422,-131.6461,30.2,74,1,8.05,US,clear sky
173,Bachaquero,9.9694,-71.1494,81.19,72,52,5.99,VE,broken clouds
174,Pontes E Lacerda,-15.2261,-59.3353,67.78,70,100,1.36,BR,overcast clouds
175,Clyde River,70.4692,-68.5914,-7.6,84,40,6.91,CA,mist
176,Shache,38.4167,77.2406,38.52,62,45,3.0,CN,scattered clouds
177,Kavaratti,10.5669,72.642,82.04,64,95,8.3,IN,overcast clouds
178,Vestmannaeyjar,63.4427,-20.2734,39.04,73,98,21.88,IS,overcast clouds
179,Tongzi,28.7829,105.0877,64.06,45,100,0.72,CN,overcast clouds
180,Tuatapere,-46.1333,167.6833,65.23,72,100,4.25,NZ,light rain
181,Hirara,24.8,125.2833,73.4,60,40,16.11,JP,scattered clouds
182,Lorengau,-2.0226,147.2712,85.42,69,100,7.49,PG,overcast clouds
183,Niteroi,-22.8833,-43.1036,77.0,88,75,4.61,BR,moderate rain
184,Vila,42.0304,-8.1588,44.01,95,95,13.0,PT,overcast clouds
185,Vostok,46.4856,135.8833,-4.04,90,100,6.64,RU,overcast clouds
186,Sorland,67.667,12.6934,34.77,81,98,6.17,NO,overcast clouds
187,Inhambane,-23.865,35.3833,78.8,94,40,8.84,MZ,light rain
188,Ilulissat,69.2167,-51.1,19.4,42,0,29.93,GL,light snow
189,Puerto Escondido,15.85,-97.0667,80.6,83,20,5.53,MX,few clouds
190,Abilene,32.4487,-99.7331,59.0,38,1,14.97,US,clear sky
191,Poum,-20.2333,164.0167,81.3,71,2,9.8,NC,clear sky
192,Kerman,30.2832,57.0788,46.4,76,40,3.36,IR,scattered clouds
193,Tilichiki,60.4667,166.1,10.58,95,70,9.86,RU,broken clouds
194,Norman Wells,65.282,-126.8329,-23.8,76,20,5.75,CA,few clouds
195,Novyy Urengoy,66.0833,76.6333,4.17,94,100,12.01,RU,overcast clouds
196,Longyearbyen,78.2186,15.6401,15.8,41,0,13.8,SJ,clear sky
197,Devils Lake,48.1128,-98.8651,-20.2,76,1,9.22,US,clear sky
198,Goma,-1.6792,29.2228,63.12,69,100,3.27,CD,overcast clouds
199,Palana,59.1167,159.9667,20.43,93,0,17.9,RU,clear sky
200,Mitchell,43.7094,-98.0298,1.4,78,90,5.75,US,overcast clouds
201,Pisco,-13.7,-76.2167,71.6,83,20,9.22,PE,few clouds
202,Enzan,35.7,138.7333,55.99,29,0,10.0,JP,clear sky
203,Keti Bandar,24.1447,67.4497,76.59,24,0,4.76,PK,clear sky
204,Pringsewu,-5.3582,104.9744,85.84,68,58,6.67,ID,broken clouds
205,Tuktoyaktuk,69.4541,-133.0374,-29.2,68,40,8.05,CA,scattered clouds
206,Znamenka,52.4167,41.4311,-6.41,91,85,7.61,RU,overcast clouds
207,Kahului,20.8947,-156.47,73.4,56,20,9.22,US,few clouds
208,Riyadh,24.6877,46.7219,55.4,71,0,11.5,SA,clear sky
209,Makat,47.6469,53.3463,13.33,77,0,14.09,KZ,clear sky
210,Gat,31.61,34.7642,52.0,87,0,4.61,IL,clear sky
211,Puerto Cabezas,14.0351,-83.3888,74.88,88,1,4.97,NI,clear sky
212,Gympie,-26.1898,152.665,75.0,81,85,5.01,AU,overcast clouds
213,Khuzhir,53.1939,107.3397,16.77,92,58,6.85,RU,broken clouds
214,Najran,17.4924,44.1277,55.4,54,0,6.58,SA,clear sky
215,Erzin,36.9559,36.2,50.0,100,40,3.44,TR,scattered clouds
216,Sur,22.5667,59.5289,70.43,57,1,2.59,OM,clear sky
217,Pacifica,37.6138,-122.4869,55.0,71,20,8.05,US,few clouds
218,Mandalgovi,45.7625,106.2708,24.78,76,0,15.41,MN,clear sky
219,La Ronge,55.1001,-105.2842,-32.8,61,0,3.44,CA,clear sky
220,Gondanglegi,-7.7479,112.0132,84.58,74,69,12.82,ID,broken clouds
221,Avarua,-21.2078,-159.775,84.2,74,40,8.05,CK,light rain
222,Sicamous,50.8331,-118.9856,24.8,74,99,2.3,CA,overcast clouds
223,Khandagayty,50.7333,92.05,3.04,90,100,3.04,RU,overcast clouds
224,Benguela,-12.5763,13.4055,75.34,77,99,3.67,AO,overcast clouds
225,Romitan,39.9343,64.3814,48.2,87,100,2.3,UZ,overcast clouds
226,Kalmunai,7.4167,81.8167,80.58,82,43,16.73,LK,scattered clouds
227,Jalu,29.0331,21.5482,66.29,25,100,19.39,LY,overcast clouds
228,Port Elizabeth,-33.918,25.5701,64.4,77,0,17.27,ZA,clear sky
229,Isangel,-19.55,169.2667,86.0,74,40,6.91,VU,scattered clouds
230,Shelburne,44.0787,-80.2041,9.0,89,72,10.96,CA,broken clouds
231,New Norfolk,-42.7826,147.0587,66.99,53,90,3.0,AU,overcast clouds
232,Lanigan,51.8501,-105.0344,-32.8,68,0,5.75,CA,clear sky
233,Maniwaki,46.3834,-75.966,5.0,72,6,4.61,CA,clear sky
234,Monjas,14.5,-89.8667,57.99,84,1,4.0,GT,clear sky
235,Port Augusta,-32.5,137.7667,87.01,38,0,11.5,AU,clear sky
236,Tashtagol,52.7657,87.8894,29.44,96,99,3.38,RU,overcast clouds
237,Paita,-5.0892,-81.1144,75.63,74,88,11.79,PE,overcast clouds
238,Bilma,18.6853,12.9164,57.78,30,100,3.38,NE,overcast clouds
239,Sobolevo,54.4299,31.8996,-5.49,92,15,1.36,RU,few clouds
240,Tinskoy,56.1525,96.9161,31.06,95,90,8.46,RU,light snow
241,Anadyr,64.75,177.4833,8.6,61,100,20.13,RU,snow
242,Victoria,22.2855,114.1577,75.2,53,20,17.27,HK,few clouds
243,Roma,43.2128,-75.4557,15.8,53,90,8.05,US,overcast clouds
244,Vila Velha,-20.3297,-40.2925,70.0,100,90,3.44,BR,overcast clouds
245,Mozirje,46.3394,14.9633,46.99,92,58,3.0,SI,broken clouds
246,Mayor Pablo Lagerenza,-19.9309,-60.7718,68.04,47,9,3.13,PY,clear sky
247,Abu Dhabi,24.4667,54.3667,68.0,73,0,5.75,AE,clear sky
248,Bubaque,11.2833,-15.8333,78.48,56,1,13.35,GW,clear sky
249,Yamethin,20.4333,96.15,80.33,43,5,3.29,MM,clear sky
250,Nuuk,64.1835,-51.7216,30.2,40,20,17.27,GL,few clouds
251,Cabedelo,-6.9811,-34.8339,78.8,83,20,5.75,BR,few clouds
252,Ignacio Zaragoza,28.3833,-107.2167,50.0,26,2,1.99,MX,clear sky
253,Wynyard,-41.0,145.7167,68.83,48,34,6.71,AU,scattered clouds
254,Lompoc,34.6391,-120.4579,53.6,87,90,6.91,US,overcast clouds
255,Anjiang,27.3194,110.1031,49.42,84,100,4.7,CN,light rain
256,Nalut,30.3333,10.85,50.68,47,0,9.84,LY,clear sky
257,Ust-Tsilma,65.441,52.1498,-14.46,86,100,11.1,RU,overcast clouds
258,Mahebourg,-20.4081,57.7,84.2,65,40,12.66,MU,scattered clouds
259,Camabatela,-8.1881,15.375,64.06,100,100,4.47,AO,overcast clouds
260,Yumen,40.2833,97.2,36.1,62,100,11.25,CN,overcast clouds
261,High Level,58.5169,-117.136,-20.2,69,1,12.66,CA,clear sky
262,Vila Franca Do Campo,37.7167,-25.4333,57.2,82,20,13.8,PT,few clouds
263,Oktyabrskiy,54.4815,53.471,-8.82,87,100,14.05,RU,overcast clouds
264,Bahjoi,28.4,78.6167,65.62,45,0,5.59,IN,clear sky
265,Buala,-8.145,159.5921,84.33,78,79,10.25,SB,moderate rain
266,Lakhisarai,25.1768,86.0932,71.26,37,0,9.31,IN,clear sky
267,Okha,53.5739,142.9478,19.11,96,100,20.0,RU,light snow
268,Tromso,69.6496,18.957,26.6,80,75,8.05,NO,light snow
269,Arrecife,28.963,-13.5477,60.8,72,90,4.61,ES,overcast clouds
270,Bethel,41.3712,-73.414,26.6,63,90,10.36,US,overcast clouds
271,Lingyuan,41.24,119.4011,28.62,71,0,3.87,CN,clear sky
272,Nikolskoye,59.7035,30.7861,10.0,85,75,6.71,RU,broken clouds
273,Hinatuan,8.3722,126.3342,76.87,93,100,6.17,PH,overcast clouds
274,Nioro,13.35,-15.75,66.72,24,33,8.81,GM,scattered clouds
275,Turukhansk,65.8167,87.9833,14.36,95,100,22.39,RU,light snow
276,Belyy Yar,53.6039,91.3903,14.0,85,88,2.24,RU,mist
277,Aykhal,66.0,111.5,-21.73,84,83,5.32,RU,broken clouds
278,Acapulco,16.8634,-99.8901,74.98,79,1,4.07,MX,clear sky
279,Lavrentiya,65.5833,-171.0,-10.97,84,27,10.25,RU,scattered clouds
280,Tukrah,32.5341,20.5791,67.98,29,100,34.69,LY,overcast clouds
281,Zhanakorgan,43.9098,67.2495,41.81,82,56,7.2,KZ,moderate rain
282,Namibe,-15.1961,12.1522,72.3,79,86,5.17,AO,overcast clouds
283,Muisne,0.6,-80.0333,77.11,90,77,6.73,EC,light rain
284,Agirish,61.9247,63.0231,-13.74,89,100,7.14,RU,light snow
285,Bosobolo,4.1833,19.9,63.27,30,87,3.53,CD,overcast clouds
286,Broome,42.2506,-75.833,10.4,61,1,10.36,US,clear sky
287,Abay,49.6311,72.8539,33.8,93,75,40.26,KZ,snow
288,Andenes,69.3143,16.1194,30.2,86,75,8.05,NO,light snow
289,Victor Harbor,-35.5667,138.6167,73.0,53,0,13.04,AU,clear sky
290,Kupang,-10.1667,123.5833,86.0,79,40,13.8,ID,scattered clouds
291,Vicuna,-30.0319,-70.7081,59.0,82,0,3.44,CL,clear sky
292,Margate,51.3813,1.3862,32.0,79,100,5.99,GB,light snow
293,Kayes,14.0,-11.0,68.34,23,89,5.12,ML,overcast clouds
294,Ahipara,-35.1667,173.1667,72.59,59,72,9.13,NZ,broken clouds
295,Carnot,4.9409,15.8665,60.19,37,92,0.87,CF,overcast clouds
296,Srednekolymsk,67.45,153.6833,-2.2,83,72,8.37,RU,broken clouds
297,Karratha,-20.7377,116.8463,86.34,51,2,12.28,AU,clear sky
298,Obo,5.3998,26.4869,60.03,31,63,5.39,CF,broken clouds
299,Bhopal,23.2667,77.4,68.0,37,0,3.44,IN,haze
300,Saurimo,-9.6608,20.3916,65.05,93,98,4.23,AO,overcast clouds
301,Zvishavane,-20.3267,30.0665,65.23,91,100,3.85,ZW,overcast clouds
302,Mount Gambier,-37.8333,140.7667,64.4,63,40,14.97,AU,scattered clouds
303,Santiago De Cao,-7.9589,-79.2392,70.41,79,97,8.86,PE,overcast clouds
304,Unai,-16.3575,-46.9061,67.71,91,94,4.92,BR,overcast clouds
305,Nome,64.5011,-165.4064,-4.0,71,1,4.41,US,clear sky
306,Namatanai,-3.6667,152.4333,84.51,73,59,6.93,PG,light rain
307,Corinto,37.9407,22.9573,55.99,53,100,1.99,GR,overcast clouds
308,Atar,20.5169,-13.0499,55.38,41,0,8.25,MR,clear sky
309,Praia,14.9215,-23.5087,68.0,64,75,20.71,CV,broken clouds
310,Asfi,32.2994,-9.2372,57.61,79,12,13.96,MA,few clouds
311,Xai-Xai,-25.0519,33.6442,78.76,86,100,0.47,MZ,light rain
312,Sungairaya,0.7,108.9,85.64,67,91,10.74,ID,overcast clouds
313,Comodoro Rivadavia,-45.8667,-67.5,55.4,82,0,17.0,AR,clear sky
314,Mahon,39.8885,4.2658,53.6,82,0,11.5,ES,clear sky
315,Vardo,70.3705,31.1107,21.2,79,90,16.11,NO,snow
316,Sabang,5.8933,95.3214,82.2,77,10,16.64,ID,clear sky
317,Zharkent,44.1628,80.0,40.71,65,100,0.96,KZ,overcast clouds
318,San Nicolas,18.1725,120.5953,93.2,46,40,4.61,PH,scattered clouds
319,Axim,4.8699,-2.2405,79.81,85,85,7.85,GH,overcast clouds
320,Bayshore Gardens,27.4253,-82.5904,63.0,77,90,6.91,US,overcast clouds
321,Prince Rupert,54.3161,-130.3201,32.0,59,1,10.36,CA,clear sky
322,Santa Rita Do Sapucai,-22.2522,-45.7033,59.77,93,100,1.68,BR,overcast clouds
323,Usinsk,65.9939,57.5281,-16.76,88,100,15.9,RU,light snow
324,Klaksvik,62.2266,-6.589,35.6,55,75,21.85,FO,broken clouds
325,Chokwe,-24.5333,32.9833,75.83,87,94,4.52,MZ,overcast clouds
326,The Valley,18.217,-63.0578,78.8,73,40,9.22,AI,scattered clouds
327,Florida,28.7505,-82.5001,54.0,93,90,4.61,US,overcast clouds
328,Wanning,18.8003,110.3967,74.46,78,91,9.75,CN,overcast clouds
329,Tiksi,71.6872,128.8694,-27.62,86,65,5.88,RU,broken clouds
330,Tura,25.5198,90.2201,75.09,28,0,4.14,IN,clear sky
331,Eyl,7.9803,49.8164,77.59,69,42,19.26,SO,scattered clouds
332,Sola,-13.8833,167.55,81.86,69,35,3.69,VU,scattered clouds
333,Harper,4.375,-7.7169,78.66,90,45,6.11,LR,scattered clouds
334,Noyabrsk,63.1994,75.4507,0.97,92,59,15.37,RU,broken clouds
335,San Quintin,30.4833,-115.95,58.19,75,0,4.45,MX,clear sky
336,Maracacume,-2.0428,-45.9592,72.66,98,65,2.64,BR,broken clouds
337,Vetluga,57.8557,45.781,-23.94,85,9,7.87,RU,clear sky
338,Dingle,10.9995,122.6711,75.81,93,100,10.49,PH,overcast clouds
339,Ilhabela,-23.7781,-45.3581,72.3,72,90,0.89,BR,overcast clouds
340,Okhotsk,59.3833,143.3,20.05,89,100,18.41,RU,overcast clouds
341,Montbrison,45.6667,4.0833,36.0,86,75,3.44,FR,broken clouds
342,Ola,59.5833,151.2833,14.11,86,88,18.34,RU,overcast clouds
343,Harrismith,-28.2728,29.1295,60.53,89,13,2.59,ZA,few clouds
344,Santiago,-33.4569,-70.6483,64.0,72,20,6.91,CL,few clouds
345,Byron Bay,-28.65,153.6167,78.8,73,75,18.41,AU,broken clouds
346,Freeport,40.6576,-73.5832,27.0,63,1,20.71,US,clear sky
347,Cap-Aux-Meules,47.3821,-61.8597,26.6,74,100,16.11,CA,snow
348,Soligalich,59.0778,42.2864,-24.02,85,50,6.62,RU,scattered clouds
349,Juneau,58.3019,-134.4197,19.4,73,90,6.58,US,overcast clouds
350,Mehamn,71.0357,27.8492,23.0,68,75,29.93,NO,light snow
351,Tabat,-2.635,115.2274,93.11,53,95,2.62,ID,overcast clouds
352,Xuddur,4.1213,43.8894,72.27,69,18,24.61,SO,few clouds
353,Maine-Soroa,13.2114,12.0241,60.62,31,5,9.55,NE,clear sky
354,Fairbanks,64.8378,-147.7164,-16.6,68,1,4.68,US,clear sky
355,Bambous Virieux,-20.3428,57.7575,84.2,65,40,12.66,MU,scattered clouds
356,Labuhan,-6.8844,112.2051,83.23,79,78,18.12,ID,broken clouds
357,Saint-Joseph,-21.3667,55.6167,86.0,54,90,5.75,RE,overcast clouds
358,Nelson Bay,-32.7167,152.15,75.2,64,40,17.27,AU,scattered clouds
359,Shimoda,34.6667,138.95,50.0,57,40,12.66,JP,scattered clouds
360,Adrar,20.5022,-10.0711,53.37,41,0,10.58,MR,clear sky
361,Valls,41.2861,1.2499,51.01,62,0,9.22,ES,clear sky
362,Helong,42.5397,128.9972,11.55,79,3,13.76,CN,clear sky
363,Beidao,34.5686,105.8933,43.0,20,0,1.99,CN,clear sky
364,Corumba,-19.0092,-57.6533,68.92,66,0,1.21,BR,clear sky
365,Hasaki,35.7333,140.8333,48.99,39,20,8.05,JP,few clouds
366,Moree,-29.4667,149.85,95.0,21,75,6.91,AU,broken clouds
367,Quarai,-30.3875,-56.4514,69.21,62,0,7.96,BR,clear sky
368,Salta,-24.7859,-65.4117,71.6,68,90,3.44,AR,overcast clouds
369,Pachperwa,27.5167,82.65,69.1,41,0,3.67,IN,clear sky
370,Sinegorskiy,48.0139,40.8447,18.3,73,96,3.74,RU,snow
371,Almaznyy,48.0448,40.045,15.8,79,40,8.95,RU,snow
372,Peabiru,-23.9128,-52.3431,71.6,64,0,9.22,BR,clear sky
373,Geraldton,-28.7667,114.6,77.0,61,75,14.97,AU,broken clouds
374,Etoka,43.9194,43.0483,28.0,93,90,13.42,RU,light snow
375,Neder Vindinge,55.0321,11.8836,30.0,73,100,8.99,DK,overcast clouds
376,Klyuchi,52.2667,79.1667,30.63,99,100,22.95,RU,snow
377,Atherton,53.5237,-2.4935,35.01,61,95,1.99,GB,light snow
378,Babat,-7.1128,112.1635,84.04,78,80,12.84,ID,light rain
379,Moche,-8.1711,-79.0092,70.54,78,93,4.68,PE,overcast clouds
380,Jacqueville,5.2052,-4.4146,80.6,100,75,5.75,CI,broken clouds
381,Nanortalik,60.1432,-45.2371,31.69,87,96,16.15,GL,overcast clouds
382,Saint-Ambroise,48.5501,-71.3324,23.0,93,100,4.61,CA,snow
383,Batemans Bay,-35.7167,150.1833,73.0,70,64,3.0,AU,broken clouds
384,Saint Anthony,45.0205,-93.218,-2.2,60,90,4.61,US,light snow
385,Olpad,21.3333,72.75,77.0,33,0,11.5,IN,haze
386,Labytnangi,66.6572,66.4183,-14.15,87,100,23.13,RU,light snow
387,Oussouye,12.485,-16.5469,68.0,88,0,6.91,SN,clear sky
388,Mecca,21.4267,39.8261,68.32,25,0,15.26,SA,clear sky
389,Acarau,-2.8856,-40.12,78.55,86,25,10.13,BR,scattered clouds
390,Fare,-16.7,-151.0167,81.97,77,27,14.07,PF,light rain
391,Karoi,-16.8099,29.6925,64.87,95,97,7.43,ZW,overcast clouds
392,Tacuarembo,-31.7333,-55.9833,65.66,78,0,4.74,UY,clear sky
393,Leon,21.1167,-101.6667,60.8,33,20,4.61,MX,few clouds
394,Shitanjing,39.2342,106.3439,37.63,59,11,3.67,CN,few clouds
395,Pingxiang,27.6167,113.85,52.39,90,100,0.96,CN,light rain
396,Leningradskiy,69.3833,178.4167,-17.45,87,7,8.52,RU,clear sky
397,Itarema,-2.9248,-39.9167,77.99,87,19,7.85,BR,few clouds
398,Merauke,-8.4667,140.3333,85.05,75,74,7.56,ID,broken clouds
399,Germantown,39.1732,-77.2717,27.0,43,1,5.75,US,clear sky
400,Rapid Valley,44.0625,-103.1463,-5.01,77,1,5.75,US,clear sky
401,Tashara,55.5195,83.5094,16.16,94,76,11.14,RU,broken clouds
402,Halifax,44.6453,-63.5724,28.99,93,100,16.11,CA,snow
403,Ati,13.2154,18.3353,62.17,26,78,11.97,TD,broken clouds
404,Adzope,6.1069,-3.8619,74.23,98,77,2.21,CI,broken clouds
405,Awbari,26.5921,12.7805,56.37,35,100,9.01,LY,overcast clouds
406,Hofn,64.2539,-15.2082,37.31,82,100,15.23,IS,light rain
407,Maceio,-9.6658,-35.7353,73.4,94,0,3.44,BR,clear sky
408,Shambu,9.5667,37.1,53.91,44,68,2.3,ET,broken clouds
409,Road Town,18.4167,-64.6167,78.01,82,34,17.0,VG,scattered clouds
410,Cassilandia,-19.1133,-51.7342,66.97,80,0,2.64,BR,clear sky
411,Beyneu,45.3167,55.2,22.06,79,97,13.8,KZ,overcast clouds
412,San Vicente De Canete,-13.0751,-76.3835,71.56,79,100,2.98,PE,overcast clouds
413,Guerrero Negro,27.9769,-114.0611,60.3,75,0,9.82,MX,clear sky
414,Cabo San Lucas,22.8909,-109.9124,64.99,69,99,5.55,MX,overcast clouds
415,Shiyan,32.6475,110.7781,50.7,46,100,7.96,CN,overcast clouds
416,Virginia Beach,36.8529,-75.978,37.4,70,40,9.22,US,scattered clouds
417,Yaan,7.3833,8.5667,71.19,91,94,5.41,NG,overcast clouds
418,Desbiens,48.4178,-71.9495,19.4,86,90,14.97,CA,light snow
419,Guanica,17.9716,-66.908,71.01,85,35,7.49,PR,scattered clouds
420,Omsukchan,62.5333,155.8,5.38,90,97,13.38,RU,overcast clouds
421,Alice Springs,-23.7,133.8833,97.0,16,76,14.97,AU,broken clouds
422,Kruisfontein,-34.0033,24.7314,63.0,86,79,12.01,ZA,broken clouds
423,Iqaluit,63.7506,-68.5145,32.0,74,90,17.27,CA,light snow
424,Puerto Lopez,4.0845,-72.956,81.54,59,71,5.64,CO,broken clouds
425,Noshiro,40.2039,140.0242,23.0,86,75,16.11,JP,light snow
426,Tual,-5.6667,132.75,83.57,79,88,19.69,ID,overcast clouds
427,Bastia,42.6667,9.3333,53.01,61,20,5.75,FR,few clouds
428,Bonthe,7.5264,-12.505,77.32,86,73,0.85,SL,broken clouds
429,Socorro,31.6546,-106.3033,64.4,11,1,12.66,US,clear sky
430,Nongpoh,25.9,91.8833,66.2,55,40,3.44,IN,haze
431,Musiri,10.9333,78.45,77.0,69,20,12.66,IN,mist
432,Udachnyy,66.4167,112.4,-24.11,84,73,4.83,RU,broken clouds
433,Egvekinot,66.3167,-179.1667,-13.18,87,38,17.11,RU,scattered clouds
434,Dawson Creek,55.7666,-120.2362,-31.0,68,75,5.3,CA,broken clouds
435,Bayir,37.2687,28.2167,60.8,67,75,11.5,TR,light rain
436,Zrenjanin,45.3836,20.3819,50.0,61,0,16.11,RS,clear sky
437,Matay,28.419,30.7792,55.72,48,0,6.78,EG,clear sky
438,Caravelas,-17.7125,-39.2481,76.06,92,100,8.95,BR,overcast clouds
439,Toamasina,-18.1667,49.3833,80.6,83,20,6.35,MG,few clouds
440,Neepawa,50.2289,-99.4664,-23.8,62,1,14.97,CA,clear sky
441,Mwinilunga,-11.7358,24.4293,63.34,97,100,3.78,ZM,light rain
442,Ndola,-12.9587,28.6366,64.44,99,100,3.33,ZM,moderate rain
443,Pangnirtung,66.1451,-65.7125,19.9,77,0,6.11,CA,clear sky
444,Laela,-8.5667,32.05,62.31,95,100,2.37,TZ,overcast clouds
445,Verkhnetulomskiy,68.6073,31.7962,19.4,93,75,6.71,RU,light snow
446,Taman,45.2117,36.7161,30.2,86,100,20.13,RU,heavy intensity rain
447,Makueni,-1.8041,37.6203,66.36,87,100,1.83,KE,light rain
448,Neiafu,-18.65,-173.9833,78.8,94,90,4.61,TO,light rain
449,Kungurtug,50.5994,97.5228,20.5,87,99,1.1,RU,overcast clouds
450,Salina Cruz,16.1667,-95.2,75.9,75,0,10.8,MX,clear sky
451,Milyutinskaya,48.6279,41.6679,15.66,76,100,3.4,RU,light snow
452,Ambilobe,-13.2,49.05,80.02,83,94,2.89,MG,overcast clouds
453,Gornopravdinsk,60.05,69.9,-3.46,89,100,10.85,RU,overcast clouds
454,Ippy,6.2679,21.2247,59.27,33,31,5.68,CF,scattered clouds
455,Cockburn Town,21.4612,-71.1419,77.81,83,20,17.58,TC,few clouds
456,Derzhavinsk,51.1,66.3167,0.09,92,54,18.12,KZ,broken clouds
457,Morondava,-20.2833,44.2833,80.85,80,95,8.72,MG,light rain
458,Bay Roberts,47.5999,-53.2648,30.0,77,95,1.99,CA,overcast clouds
459,Batticaloa,7.7102,81.6924,80.58,82,22,19.19,LK,few clouds
460,Itapirapua,-15.8233,-50.6133,69.48,96,89,4.56,BR,overcast clouds
461,Wuwei,37.9281,102.6414,41.29,46,3,5.68,CN,clear sky
462,Salalah,17.0151,54.0924,69.8,68,0,5.75,OM,clear sky
463,Sivas,39.7916,37.0019,30.2,80,0,10.36,TR,clear sky
464,Presidente Medici,-11.1753,-61.9014,72.82,96,100,2.13,BR,overcast clouds
465,Kalanaur,28.8333,76.4,69.69,30,0,4.99,IN,clear sky
466,Bairiki,1.3292,172.9752,84.2,79,40,8.05,KI,scattered clouds
467,Padang,-0.9492,100.3543,89.6,62,20,4.61,ID,few clouds
468,Chesma,53.8111,60.6533,-7.26,87,100,17.9,RU,overcast clouds
469,Mount Isa,-20.7333,139.5,91.4,52,75,10.36,AU,broken clouds
470,Kochubey,44.3861,46.5825,27.77,97,100,7.96,RU,light snow
471,Pochinok,54.4068,32.4407,-5.91,92,25,1.72,RU,scattered clouds
472,Hibbing,47.4272,-92.9377,-16.6,58,20,8.05,US,few clouds
473,Maniitsoq,65.4167,-52.9,24.62,79,0,18.39,GL,clear sky
474,Bathsheba,13.2167,-59.5167,77.0,65,20,16.11,BB,few clouds
475,Kota Kinabalu,5.9749,116.0724,87.8,79,20,5.75,MY,few clouds
476,Tamandare,-8.7597,-35.1047,77.05,83,100,5.23,BR,overcast clouds
477,Hamilton,39.1834,-84.5333,18.0,53,75,9.22,US,broken clouds
478,Naron,43.5167,-8.1528,50.0,93,0,5.75,ES,clear sky
479,Alofi,-19.0595,-169.9187,84.2,79,75,8.05,NU,broken clouds
480,Itoman,26.1247,127.6694,71.6,49,20,18.41,JP,few clouds
481,Yoichi,43.2039,140.7703,21.2,79,75,18.41,JP,snow
482,Le Port,-20.9373,55.2919,80.6,74,20,11.5,RE,few clouds
483,Boyuibe,-20.4167,-63.2833,69.33,50,99,2.37,BO,overcast clouds
484,Nizhniy Odes,63.6445,54.856,-22.31,86,100,9.19,RU,overcast clouds
485,Catalina,32.5056,-110.9211,57.0,29,48,0.78,US,scattered clouds
486,Viedma,-40.8135,-62.9967,51.01,82,87,8.68,AR,overcast clouds
487,Katherine,-14.4667,132.2667,89.6,62,75,11.5,AU,broken clouds
488,Pierre,44.3683,-100.351,-9.4,84,20,4.61,US,few clouds
489,Mulege,26.8833,-111.9833,60.3,49,0,2.01,MX,clear sky
490,Manokwari,-0.8667,134.0833,82.54,76,92,4.03,ID,overcast clouds
491,Maxixe,-23.8597,35.3472,78.8,94,40,7.81,MZ,scattered clouds
492,Nibbar,36.2941,8.7666,51.8,76,40,4.61,TN,scattered clouds
493,Moron,-34.6534,-58.6198,75.0,72,9,8.01,AR,clear sky
494,Laredo,27.5064,-99.5075,66.2,63,1,14.97,US,clear sky
495,Mokhsogollokh,61.4681,128.9203,-15.34,86,13,1.32,RU,few clouds
496,Saint George,37.1041,-113.5841,52.0,29,1,3.44,US,clear sky
497,Grenfell,-33.9,148.1667,83.16,31,9,4.0,AU,clear sky
498,Starobaltachevo,56.0013,55.9213,-11.4,89,100,14.36,RU,light snow
499,Marsh Harbour,26.5412,-77.0636,74.88,89,68,10.47,BS,broken clouds
500,Asyut,27.181,31.1837,50.0,87,0,3.74,EG,clear sky
501,Bandarbeyla,9.4942,50.8122,77.32,70,93,20.15,SO,overcast clouds
502,Mizan Teferi,6.9833,35.5833,66.99,35,50,2.3,ET,scattered clouds
503,Borogontsy,62.6683,131.1683,-20.9,85,49,4.47,RU,scattered clouds
504,Zakamensk,50.3741,103.2863,20.7,88,39,2.93,RU,scattered clouds
505,Cairns,-16.9167,145.7667,89.01,79,93,5.75,AU,overcast clouds
506,Sinnamary,5.3833,-52.95,77.58,84,100,13.06,GF,overcast clouds
507,Grand Gaube,-20.0064,57.6608,84.0,71,6,5.99,MU,clear sky
508,Quatre Cocos,-20.2078,57.7625,84.2,65,40,12.66,MU,scattered clouds
509,Singaraja,-8.112,115.0882,84.0,68,85,9.17,ID,overcast clouds
510,Gari,59.4307,62.3497,-8.91,90,100,3.15,RU,overcast clouds
511,Verkhnevilyuysk,63.4453,120.3167,-5.08,91,100,5.64,RU,overcast clouds
512,Marrakesh,31.6315,-8.0083,44.6,93,8,4.61,MA,clear sky
513,Kurgan,55.45,65.3333,-5.53,86,95,9.55,RU,overcast clouds
514,Elliot Lake,46.3834,-82.6331,1.4,66,1,6.91,CA,clear sky
515,Mao,39.8885,4.2658,53.6,82,0,11.5,ES,clear sky
516,Idil,37.3411,41.8895,44.47,60,51,1.99,TR,broken clouds
517,Wukari,7.85,9.7833,70.11,23,94,2.62,NG,overcast clouds
518,Fuling,29.7022,107.3919,60.98,54,100,2.37,CN,light rain
519,Kamenka,51.3223,42.7678,-8.27,91,73,8.39,RU,broken clouds
520,Yining,29.0361,114.5636,48.72,85,100,5.41,CN,light rain
521,Jacareacanga,-6.2222,-57.7528,74.21,97,100,1.5,BR,overcast clouds
522,Tombouctou,20.0,-3.0,56.41,34,40,10.13,ML,scattered clouds
523,Santa Isabel Do Rio Negro,-0.4139,-65.0192,74.39,95,89,2.06,BR,overcast clouds
524,Sioux Lookout,50.1001,-91.917,-22.0,63,1,9.22,CA,clear sky
525,Baykit,61.67,96.37,19.24,91,45,10.22,RU,scattered clouds
526,Shar,49.5886,81.0453,29.48,92,90,26.33,KZ,overcast clouds
527,Moscow,55.7522,37.6156,-2.2,78,0,6.71,RU,clear sky
528,Hervey Bay,-25.2986,152.8535,82.99,74,90,18.41,AU,overcast clouds
529,Gibsons,49.3997,-123.5027,37.4,60,16,3.44,CA,few clouds
530,Kingisepp,59.3733,28.6134,7.18,96,83,3.8,RU,broken clouds
531,Bam,29.106,58.357,63.88,28,0,8.19,IR,clear sky
532,Tukums,56.9669,23.1553,-2.2,84,0,0.29,LV,clear sky
533,Allanridge,-27.7543,26.6438,62.01,95,0,2.64,ZA,clear sky
534,Ormara,25.2088,64.6357,71.92,24,0,4.18,PK,clear sky
535,Tadine,-21.55,167.8833,80.76,72,100,3.15,NC,overcast clouds
536,Mikhaylovka,50.06,43.2379,7.0,81,62,5.01,RU,broken clouds
537,Ibotirama,-12.1853,-43.2206,68.09,92,89,2.93,BR,overcast clouds
538,Surt,31.2089,16.5887,64.96,49,58,16.37,LY,broken clouds
539,Mindyak,54.0231,58.7891,-9.22,84,100,17.6,RU,overcast clouds
540,Kyzyl-Suu,42.3414,78.0056,39.61,73,100,1.19,KG,overcast clouds
541,Saint-Francois,46.4154,3.9054,37.4,81,90,6.91,FR,overcast clouds
542,Yulara,-25.2406,130.9889,95.0,16,0,8.05,AU,clear sky
543,Kloulklubed,7.0419,134.2556,86.0,74,75,8.05,PW,broken clouds
544,Portland,45.5234,-122.6762,44.01,75,95,1.99,US,overcast clouds
545,Bonavista,48.6499,-53.1147,28.99,74,60,3.44,CA,broken clouds
546,Atikokan,48.7555,-91.6216,-25.91,85,69,6.67,CA,broken clouds
547,Dalby,-27.1833,151.2667,86.0,42,40,11.5,AU,scattered clouds
548,Svetlogorsk,52.6333,29.7333,3.83,92,45,7.52,BY,scattered clouds
549,Catamarca,-28.4696,-65.7852,70.0,74,34,1.01,AR,moderate rain
550,Istok,42.7808,20.4875,50.0,66,75,16.11,XK,broken clouds
551,Nizhnyaya Omka,55.4338,74.9426,9.41,96,98,10.38,RU,overcast clouds
552,Turayf,31.6725,38.6637,39.2,100,0,4.61,SA,mist
553,Caucaia,-3.7361,-38.6531,82.4,78,75,6.91,BR,broken clouds
554,Kermanshah,34.3142,47.065,33.8,100,40,2.3,IR,mist
555,Oudtshoorn,-33.5907,22.2014,59.0,82,20,5.75,ZA,few clouds
556,Codrington,-38.2667,141.9667,63.03,63,100,15.97,AU,overcast clouds
557,Rawson,-43.3002,-65.1023,56.19,67,0,14.38,AR,clear sky
558,Ballina,-28.8667,153.5667,78.8,73,75,18.41,AU,broken clouds
559,Vanino,49.0869,140.2543,13.42,82,100,16.02,RU,overcast clouds
560,Olonets,60.9847,32.9698,-7.56,89,1,3.36,RU,clear sky
561,Karasuk,53.7377,78.0403,19.76,97,91,13.94,RU,light snow
562,Medina,24.4686,39.6142,55.4,54,0,6.91,SA,clear sky
563,Hokitika,-42.7167,170.9667,65.43,79,97,4.79,NZ,overcast clouds
564,Coos Bay,43.3665,-124.2179,44.01,87,40,5.75,US,scattered clouds
565,Atasu,48.6814,71.6433,33.03,97,100,32.21,KZ,snow
566,Awjilah,29.1081,21.2869,66.11,25,100,19.57,LY,overcast clouds
567,Alpena,45.0617,-83.4327,3.2,66,1,8.05,US,clear sky
568,Santona,43.4439,-3.4576,51.8,66,40,9.22,ES,scattered clouds
569,Aksarka,66.5606,67.7975,-16.71,87,100,24.25,RU,light snow
570,Kangaatsiaq,68.3065,-53.4641,17.26,85,0,17.63,GL,clear sky
571,Hobyo,5.3505,48.5268,79.16,73,8,19.53,SO,clear sky
572,Hovd,48.0056,91.6419,20.91,79,100,2.51,MN,overcast clouds
573,Anamur,36.0751,32.8369,55.4,82,75,4.61,TR,broken clouds
574,Melegnano,45.3588,9.324,44.6,81,40,10.36,IT,scattered clouds
575,Numan,9.4667,12.0333,68.11,25,99,1.79,NG,overcast clouds
576,Psedakh,43.4672,44.5692,26.6,93,100,4.47,RU,overcast clouds
577,Guarda,40.5373,-7.2658,46.99,91,75,8.01,PT,broken clouds
578,Kalevala,65.2,31.1667,6.35,93,1,7.63,RU,clear sky
579,Port Hedland,-20.3167,118.5667,91.4,46,40,17.27,AU,scattered clouds
580,Forest Grove,45.5198,-123.1107,42.8,75,90,4.47,US,light rain
581,Loralai,30.3705,68.598,60.1,28,8,0.51,PK,clear sky
582,Gobabis,-22.45,18.9667,64.53,86,25,8.59,NA,scattered clouds
583,Fukue,32.6881,128.8419,48.2,57,40,17.27,JP,scattered clouds
584,Wagar,16.1525,36.2032,61.36,74,0,8.25,SD,clear sky
585,Rundu,-17.9333,19.7667,67.66,94,100,7.52,NA,light rain
586,Buerarema,-14.9594,-39.2997,82.4,83,75,8.05,BR,broken clouds
587,Port Macquarie,-31.4333,152.9167,78.01,60,53,1.99,AU,broken clouds
588,Tahe,52.3333,124.7333,7.29,84,0,8.28,CN,clear sky
589,Kropotkin,45.4375,40.5756,25.86,97,100,13.38,RU,overcast clouds
590,Suez,29.9737,32.5263,57.63,59,0,2.44,EG,clear sky
591,Cancun,21.1743,-86.8466,79.0,94,20,5.75,MX,few clouds
592,Baker City,44.7749,-117.8344,30.0,68,1,3.18,US,clear sky
593,Taltal,-25.4,-70.4833,62.83,79,4,0.65,CL,clear sky
594,Ayagoz,47.9714,80.4392,31.24,95,90,5.01,KZ,overcast clouds
595,Kampene,-3.6,26.6667,70.14,89,99,0.69,CD,overcast clouds
596,Buluang,13.3068,123.3425,77.2,87,100,5.5,PH,overcast clouds
597,Talnakh,69.4865,88.3972,-10.68,79,80,4.85,RU,broken clouds
598,Lucapa,-8.4192,20.7447,65.59,98,100,3.04,AO,light rain
599,Zhigansk,66.7697,123.3711,-24.41,81,0,7.27,RU,clear sky
600,Sept-Iles,50.2001,-66.3821,17.6,79,98,2.3,CA,overcast clouds
601,Sao Jose Da Coroa Grande,-8.8978,-35.1478,77.4,83,72,6.96,BR,broken clouds
602,Westport,41.1415,-73.3579,27.0,63,90,10.36,US,overcast clouds
603,Kharp,66.8014,65.8081,-5.46,90,100,10.0,RU,light snow
604,Lashio,22.9333,97.75,77.5,41,39,1.79,MM,scattered clouds
605,Taoudenni,22.6783,-3.9836,56.41,37,0,7.74,ML,clear sky
606,Bacolod,10.6667,122.95,76.53,88,100,8.34,PH,light rain
607,Velizy-Villacoublay,48.782,2.194,30.99,80,90,5.75,FR,overcast clouds
608,Kerema,-7.9631,145.7785,80.1,80,100,8.66,PG,overcast clouds
609,Vanavara,60.34,102.2797,26.49,97,100,12.77,RU,overcast clouds
610,Coahuayana,18.7333,-103.6833,73.69,76,55,1.92,MX,broken clouds
611,Upata,8.0086,-62.3989,77.0,86,76,8.99,VE,broken clouds
612,Salina,38.8403,-97.6114,10.4,92,90,12.66,US,mist
613,Lavumisa,-27.31,31.892,75.49,88,83,1.9,SZ,broken clouds
614,Penalva,-3.2942,-45.1736,73.44,96,78,2.1,BR,broken clouds
615,Chapais,49.7834,-74.8492,1.4,71,40,5.75,CA,scattered clouds
616,Fairmont,39.4851,-80.1426,19.99,63,48,3.02,US,scattered clouds
617,Henties Bay,-22.116,14.2845,63.0,91,99,5.99,NA,overcast clouds
618,Antiguo Morelos,22.5495,-99.0812,66.0,86,8,3.2,MX,clear sky
619,Sines,37.9562,-8.8698,55.99,82,100,11.99,PT,overcast clouds
620,Marsa Matruh,31.3525,27.2453,55.4,76,0,9.22,EG,clear sky
621,Somerset East,-32.7217,25.588,61.74,82,86,2.93,ZA,overcast clouds
622,Deputatskiy,69.3,139.9,-18.8,85,75,3.6,RU,broken clouds
623,San Jose,37.3394,-121.895,54.0,71,40,0.98,US,scattered clouds
624,Donnacona,46.6804,-71.7239,23.0,93,100,5.75,CA,overcast clouds
625,Formosa Do Rio Preto,-11.0483,-45.1931,68.86,86,99,2.37,BR,overcast clouds
626,Launceston,-41.45,147.1667,70.0,40,40,3.44,AU,scattered clouds
627,Bilibino,68.0546,166.4372,-3.41,77,0,6.96,RU,clear sky
628,Odweyne,9.4092,45.064,66.06,59,1,6.31,SO,clear sky
629,Mindelo,16.8901,-24.9804,68.0,60,75,25.32,CV,broken clouds
630,Phonhong,18.5007,102.4166,82.4,51,0,4.61,LA,clear sky
631,Harrison,30.4091,-89.0436,46.4,76,1,4.61,US,clear sky
632,Neryungri,56.6709,124.6491,-6.52,85,13,1.34,RU,few clouds
633,Deogarh,21.5333,84.7333,81.68,21,0,1.19,IN,clear sky
634,Santa Cruz,-17.8,-63.1667,77.0,83,75,2.3,BO,broken clouds
635,Ranong,9.9658,98.6348,89.6,55,20,6.91,TH,few clouds
636,Ingham,42.6,-84.3833,5.0,78,75,4.92,US,broken clouds
637,Vidim,56.4088,103.1106,22.87,97,97,6.31,RU,overcast clouds
638,Champerico,14.3,-91.9167,64.0,95,0,4.79,GT,clear sky
639,Lovozero,68.005,35.0117,14.85,95,100,15.99,RU,light snow
640,Dzerzhinsk,56.2389,43.4631,-13.0,77,0,8.95,RU,clear sky
641,Oyama,36.3,139.8,51.01,23,20,10.36,JP,few clouds
642,Shizunai,42.3339,142.3669,23.68,88,100,25.1,JP,light snow
643,Tahoua,14.8888,5.2692,64.4,16,41,4.61,NE,scattered clouds
644,Hong Gai,20.956,107.0946,75.2,64,0,8.05,VN,clear sky
645,Gwadar,25.1216,62.3254,68.16,47,0,8.81,PK,clear sky
646,Ulladulla,-35.35,150.4667,69.8,64,90,6.91,AU,overcast clouds
647,Beringovskiy,63.05,179.3167,5.88,95,100,16.08,RU,snow
648,Chagoda,59.164,35.3285,-8.19,90,81,3.6,RU,broken clouds
649,Catarman,12.4989,124.6377,75.45,95,100,10.02,PH,overcast clouds
650,Walvis Bay,-22.9575,14.5053,63.0,82,97,13.8,NA,overcast clouds
651,Coxim,-18.5067,-54.76,71.17,68,0,5.77,BR,clear sky
652,Burglengenfeld,49.2056,12.0414,28.99,86,75,3.2,DE,mist
653,Pitimbu,-7.4706,-34.8086,78.8,83,20,5.75,BR,few clouds
654,Kieta,-6.2167,155.6333,83.68,76,99,9.26,PG,moderate rain
655,Sao Miguel Do Araguaia,-13.275,-50.1628,67.41,100,100,3.94,BR,overcast clouds
656,Cumberland,35.0502,-78.8664,35.6,87,1,7.18,US,clear sky
657,Ornskoldsvik,63.2909,18.7153,19.4,93,90,4.61,SE,overcast clouds
658,Bolivar,37.6145,-93.4105,27.0,93,100,5.64,US,overcast clouds
659,Reitz,-27.8014,28.4273,60.26,90,2,5.26,ZA,clear sky
660,Sakakah,29.9697,40.2064,44.6,87,0,0.92,SA,mist
661,Zaraza,9.3503,-65.3245,73.96,82,64,3.83,VE,broken clouds
662,Grindavik,63.8424,-22.4338,33.8,75,0,16.11,IS,clear sky
663,Abha,18.2164,42.5053,50.0,57,40,4.61,SA,scattered clouds
664,Tabas,33.5959,56.9244,56.62,53,30,1.19,IR,scattered clouds
665,Bull Savanna,17.8868,-77.5902,70.23,79,0,6.51,JM,clear sky
666,Mackay,-21.15,149.2,93.2,59,0,13.8,AU,clear sky
667,Bac Lieu,9.285,105.7244,85.03,57,1,20.24,VN,clear sky
668,Amuntai,-2.4177,115.2494,92.59,55,90,2.04,ID,overcast clouds
669,Kaabong,3.4836,34.1492,70.9,26,85,5.7,UG,overcast clouds
670,Pacific Grove,36.6177,-121.9166,50.0,87,1,6.91,US,clear sky
671,Razole,16.4833,81.8333,80.6,57,56,5.75,IN,haze
672,Ewa Beach,21.3156,-158.0072,75.2,50,1,5.75,US,clear sky
673,Kudahuvadhoo,2.6708,72.8944,81.59,76,0,16.2,MV,clear sky
674,Ondjiva,-17.0667,15.7333,72.05,56,100,3.87,AO,overcast clouds
